id_corrida,ano,rodada,nome_corrida
1,2009,1,Australian Grand Prix
2,2009,2,Malaysian Grand Prix
3,2009,3,Chinese Grand Prix
4,2009,4,Bahrain Grand Prix
5,2009,5,Spanish Grand Prix
6,2009,6,Monaco Grand Prix
7,2009,7,Turkish Grand Prix
8,2009,8,British Grand Prix
9,2009,9,German Grand Prix
10,2009,10,Hungarian Grand Prix
11,2009,11,European Grand Prix
12,2009,12,Belgian Grand Prix
13,2009,13,Italian Grand Prix
14,2009,14,Singapore Grand Prix
15,2009,15,Japanese Grand Prix
16,2009,16,Brazilian Grand Prix
17,2009,17,Abu Dhabi Grand Prix
18,2008,1,Australian Grand Prix
19,2008,2,Malaysian Grand Prix
20,2008,3,Bahrain Grand Prix
21,2008,4,Spanish Grand Prix
22,2008,5,Turkish Grand Prix
23,2008,6,Monaco Grand Prix
24,2008,7,Canadian Grand Prix
25,2008,8,French Grand Prix
26,2008,9,British Grand Prix
27,2008,10,German Grand Prix
28,2008,11,Hungarian Grand Prix
29,2008,12,European Grand Prix
30,2008,13,Belgian Grand Prix
31,2008,14,Italian Grand Prix
32,2008,15,Singapore Grand Prix
33,2008,16,Japanese Grand Prix
34,2008,17,Chinese Grand Prix
35,2008,18,Brazilian Grand Prix
36,2007,1,Australian Grand Prix
37,2007,2,Malaysian Grand Prix
38,2007,3,Bahrain Grand Prix
39,2007,4,Spanish Grand Prix
40,2007,5,Monaco Grand Prix
41,2007,6,Canadian Grand Prix
42,2007,7,United States Grand Prix
43,2007,8,French Grand Prix
44,2007,9,British Grand Prix
45,2007,10,European Grand Prix
46,2007,11,Hungarian Grand Prix
47,2007,12,Turkish Grand Prix
48,2007,13,Italian Grand Prix
49,2007,14,Belgian Grand Prix
50,2007,15,Japanese Grand Prix
51,2007,16,Chinese Grand Prix
52,2007,17,Brazilian Grand Prix
53,2006,1,Bahrain Grand Prix
54,2006,2,Malaysian Grand Prix
55,2006,3,Australian Grand Prix
56,2006,4,San Marino Grand Prix
57,2006,5,European Grand Prix
58,2006,6,Spanish Grand Prix
59,2006,7,Monaco Grand Prix
60,2006,8,British Grand Prix
61,2006,9,Canadian Grand Prix
62,2006,10,United States Grand Prix
63,2006,11,French Grand Prix
64,2006,12,German Grand Prix
65,2006,13,Hungarian Grand Prix
66,2006,14,Turkish Grand Prix
67,2006,15,Italian Grand Prix
68,2006,16,Chinese Grand Prix
69,2006,17,Japanese Grand Prix
70,2006,18,Brazilian Grand Prix
71,2005,1,Australian Grand Prix
72,2005,2,Malaysian Grand Prix
73,2005,3,Bahrain Grand Prix
74,2005,4,San Marino Grand Prix
75,2005,5,Spanish Grand Prix
76,2005,6,Monaco Grand Prix
77,2005,7,European Grand Prix
78,2005,8,Canadian Grand Prix
79,2005,9,United States Grand Prix
80,2005,10,French Grand Prix
81,2005,11,British Grand Prix
82,2005,12,German Grand Prix
83,2005,13,Hungarian Grand Prix
84,2005,14,Turkish Grand Prix
85,2005,15,Italian Grand Prix
86,2005,16,Belgian Grand Prix
87,2005,17,Brazilian Grand Prix
88,2005,18,Japanese Grand Prix
89,2005,19,Chinese Grand Prix
90,2004,1,Australian Grand Prix
91,2004,2,Malaysian Grand Prix
92,2004,3,Bahrain Grand Prix
93,2004,4,San Marino Grand Prix
94,2004,5,Spanish Grand Prix
95,2004,6,Monaco Grand Prix
96,2004,7,European Grand Prix
97,2004,8,Canadian Grand Prix
98,2004,9,United States Grand Prix
99,2004,10,French Grand Prix
100,2004,11,British Grand Prix
101,2004,12,German Grand Prix
102,2004,13,Hungarian Grand Prix
103,2004,14,Belgian Grand Prix
104,2004,15,Italian Grand Prix
105,2004,16,Chinese Grand Prix
106,2004,17,Japanese Grand Prix
107,2004,18,Brazilian Grand Prix
108,2003,1,Australian Grand Prix
109,2003,2,Malaysian Grand Prix
110,2003,3,Brazilian Grand Prix
111,2003,4,San Marino Grand Prix
112,2003,5,Spanish Grand Prix
113,2003,6,Austrian Grand Prix
114,2003,7,Monaco Grand Prix
115,2003,8,Canadian Grand Prix
116,2003,9,European Grand Prix
117,2003,10,French Grand Prix
118,2003,11,British Grand Prix
119,2003,12,German Grand Prix
120,2003,13,Hungarian Grand Prix
121,2003,14,Italian Grand Prix
122,2003,15,United States Grand Prix
123,2003,16,Japanese Grand Prix
124,2002,1,Australian Grand Prix
125,2002,2,Malaysian Grand Prix
126,2002,3,Brazilian Grand Prix
127,2002,4,San Marino Grand Prix
128,2002,5,Spanish Grand Prix
129,2002,6,Austrian Grand Prix
130,2002,7,Monaco Grand Prix
131,2002,8,Canadian Grand Prix
132,2002,9,European Grand Prix
133,2002,10,British Grand Prix
134,2002,11,French Grand Prix
135,2002,12,German Grand Prix
136,2002,13,Hungarian Grand Prix
137,2002,14,Belgian Grand Prix
138,2002,15,Italian Grand Prix
139,2002,16,United States Grand Prix
140,2002,17,Japanese Grand Prix
141,2001,1,Australian Grand Prix
142,2001,2,Malaysian Grand Prix
143,2001,3,Brazilian Grand Prix
144,2001,4,San Marino Grand Prix
145,2001,5,Spanish Grand Prix
146,2001,6,Austrian Grand Prix
147,2001,7,Monaco Grand Prix
148,2001,8,Canadian Grand Prix
149,2001,9,European Grand Prix
150,2001,10,French Grand Prix
151,2001,11,British Grand Prix
152,2001,12,German Grand Prix
153,2001,13,Hungarian Grand Prix
154,2001,14,Belgian Grand Prix
155,2001,15,Italian Grand Prix
156,2001,16,United States Grand Prix
157,2001,17,Japanese Grand Prix
158,2000,1,Australian Grand Prix
159,2000,2,Brazilian Grand Prix
160,2000,3,San Marino Grand Prix
161,2000,4,British Grand Prix
162,2000,5,Spanish Grand Prix
163,2000,6,European Grand Prix
164,2000,7,Monaco Grand Prix
165,2000,8,Canadian Grand Prix
166,2000,9,French Grand Prix
167,2000,10,Austrian Grand Prix
168,2000,11,German Grand Prix
169,2000,12,Hungarian Grand Prix
170,2000,13,Belgian Grand Prix
171,2000,14,Italian Grand Prix
172,2000,15,United States Grand Prix
173,2000,16,Japanese Grand Prix
174,2000,17,Malaysian Grand Prix
175,1999,1,Australian Grand Prix
176,1999,2,Brazilian Grand Prix
177,1999,3,San Marino Grand Prix
178,1999,4,Monaco Grand Prix
179,1999,5,Spanish Grand Prix
180,1999,6,Canadian Grand Prix
181,1999,7,French Grand Prix
182,1999,8,British Grand Prix
183,1999,9,Austrian Grand Prix
184,1999,10,German Grand Prix
185,1999,11,Hungarian Grand Prix
186,1999,12,Belgian Grand Prix
187,1999,13,Italian Grand Prix
188,1999,14,European Grand Prix
189,1999,15,Malaysian Grand Prix
190,1999,16,Japanese Grand Prix
191,1998,1,Australian Grand Prix
192,1998,2,Brazilian Grand Prix
193,1998,3,Argentine Grand Prix
194,1998,4,San Marino Grand Prix
195,1998,5,Spanish Grand Prix
196,1998,6,Monaco Grand Prix
197,1998,7,Canadian Grand Prix
198,1998,8,French Grand Prix
199,1998,9,British Grand Prix
200,1998,10,Austrian Grand Prix
201,1998,11,German Grand Prix
202,1998,12,Hungarian Grand Prix
203,1998,13,Belgian Grand Prix
204,1998,14,Italian Grand Prix
205,1998,15,Luxembourg Grand Prix
206,1998,16,Japanese Grand Prix
207,1997,1,Australian Grand Prix
208,1997,2,Brazilian Grand Prix
209,1997,3,Argentine Grand Prix
210,1997,4,San Marino Grand Prix
211,1997,5,Monaco Grand Prix
212,1997,6,Spanish Grand Prix
213,1997,7,Canadian Grand Prix
214,1997,8,French Grand Prix
215,1997,9,British Grand Prix
216,1997,10,German Grand Prix
217,1997,11,Hungarian Grand Prix
218,1997,12,Belgian Grand Prix
219,1997,13,Italian Grand Prix
220,1997,14,Austrian Grand Prix
221,1997,15,Luxembourg Grand Prix
222,1997,16,Japanese Grand Prix
223,1997,17,European Grand Prix
224,1996,1,Australian Grand Prix
225,1996,2,Brazilian Grand Prix
226,1996,3,Argentine Grand Prix
227,1996,4,European Grand Prix
228,1996,5,San Marino Grand Prix
229,1996,6,Monaco Grand Prix
230,1996,7,Spanish Grand Prix
231,1996,8,Canadian Grand Prix
232,1996,9,French Grand Prix
233,1996,10,British Grand Prix
234,1996,11,German Grand Prix
235,1996,12,Hungarian Grand Prix
236,1996,13,Belgian Grand Prix
237,1996,14,Italian Grand Prix
238,1996,15,Portuguese Grand Prix
239,1996,16,Japanese Grand Prix
240,1995,1,Brazilian Grand Prix
241,1995,2,Argentine Grand Prix
242,1995,3,San Marino Grand Prix
243,1995,4,Spanish Grand Prix
244,1995,5,Monaco Grand Prix
245,1995,6,Canadian Grand Prix
246,1995,7,French Grand Prix
247,1995,8,British Grand Prix
248,1995,9,German Grand Prix
249,1995,10,Hungarian Grand Prix
250,1995,11,Belgian Grand Prix
251,1995,12,Italian Grand Prix
252,1995,13,Portuguese Grand Prix
253,1995,14,European Grand Prix
254,1995,15,Pacific Grand Prix
255,1995,16,Japanese Grand Prix
256,1995,17,Australian Grand Prix
257,1994,1,Brazilian Grand Prix
258,1994,2,Pacific Grand Prix
259,1994,3,San Marino Grand Prix
260,1994,4,Monaco Grand Prix
261,1994,5,Spanish Grand Prix
262,1994,6,Canadian Grand Prix
263,1994,7,French Grand Prix
264,1994,8,British Grand Prix
265,1994,9,German Grand Prix
266,1994,10,Hungarian Grand Prix
267,1994,11,Belgian Grand Prix
268,1994,12,Italian Grand Prix
269,1994,13,Portuguese Grand Prix
270,1994,14,European Grand Prix
271,1994,15,Japanese Grand Prix
272,1994,16,Australian Grand Prix
273,1993,1,South African Grand Prix
274,1993,2,Brazilian Grand Prix
275,1993,3,European Grand Prix
276,1993,4,San Marino Grand Prix
277,1993,5,Spanish Grand Prix
278,1993,6,Monaco Grand Prix
279,1993,7,Canadian Grand Prix
280,1993,8,French Grand Prix
281,1993,9,British Grand Prix
282,1993,10,German Grand Prix
283,1993,11,Hungarian Grand Prix
284,1993,12,Belgian Grand Prix
285,1993,13,Italian Grand Prix
286,1993,14,Portuguese Grand Prix
287,1993,15,Japanese Grand Prix
288,1993,16,Australian Grand Prix
289,1992,1,South African Grand Prix
290,1992,2,Mexican Grand Prix
291,1992,3,Brazilian Grand Prix
292,1992,4,Spanish Grand Prix
293,1992,5,San Marino Grand Prix
294,1992,6,Monaco Grand Prix
295,1992,7,Canadian Grand Prix
296,1992,8,French Grand Prix
297,1992,9,British Grand Prix
298,1992,10,German Grand Prix
299,1992,11,Hungarian Grand Prix
300,1992,12,Belgian Grand Prix
301,1992,13,Italian Grand Prix
302,1992,14,Portuguese Grand Prix
303,1992,15,Japanese Grand Prix
304,1992,16,Australian Grand Prix
305,1991,1,United States Grand Prix
306,1991,2,Brazilian Grand Prix
307,1991,3,San Marino Grand Prix
308,1991,4,Monaco Grand Prix
309,1991,5,Canadian Grand Prix
310,1991,6,Mexican Grand Prix
311,1991,7,French Grand Prix
312,1991,8,British Grand Prix
313,1991,9,German Grand Prix
314,1991,10,Hungarian Grand Prix
315,1991,11,Belgian Grand Prix
316,1991,12,Italian Grand Prix
317,1991,13,Portuguese Grand Prix
318,1991,14,Spanish Grand Prix
319,1991,15,Japanese Grand Prix
320,1991,16,Australian Grand Prix
321,1990,1,United States Grand Prix
322,1990,2,Brazilian Grand Prix
323,1990,3,San Marino Grand Prix
324,1990,4,Monaco Grand Prix
325,1990,5,Canadian Grand Prix
326,1990,6,Mexican Grand Prix
327,1990,7,French Grand Prix
328,1990,8,British Grand Prix
329,1990,9,German Grand Prix
330,1990,10,Hungarian Grand Prix
331,1990,11,Belgian Grand Prix
332,1990,12,Italian Grand Prix
333,1990,13,Portuguese Grand Prix
334,1990,14,Spanish Grand Prix
335,1990,15,Japanese Grand Prix
336,1990,16,Australian Grand Prix
337,2010,1,Bahrain Grand Prix
338,2010,2,Australian Grand Prix
339,2010,3,Malaysian Grand Prix
340,2010,4,Chinese Grand Prix
341,2010,5,Spanish Grand Prix
342,2010,6,Monaco Grand Prix
343,2010,7,Turkish Grand Prix
344,2010,8,Canadian Grand Prix
345,2010,9,European Grand Prix
346,2010,10,British Grand Prix
347,2010,11,German Grand Prix
348,2010,12,Hungarian Grand Prix
349,2010,13,Belgian Grand Prix
350,2010,14,Italian Grand Prix
351,2010,15,Singapore Grand Prix
352,2010,16,Japanese Grand Prix
353,2010,17,Korean Grand Prix
354,2010,18,Brazilian Grand Prix
355,2010,19,Abu Dhabi Grand Prix
356,1989,1,Brazilian Grand Prix
357,1989,2,San Marino Grand Prix
358,1989,3,Monaco Grand Prix
359,1989,4,Mexican Grand Prix
360,1989,5,United States Grand Prix
361,1989,6,Canadian Grand Prix
362,1989,7,French Grand Prix
363,1989,8,British Grand Prix
364,1989,9,German Grand Prix
365,1989,10,Hungarian Grand Prix
366,1989,11,Belgian Grand Prix
367,1989,12,Italian Grand Prix
368,1989,13,Portuguese Grand Prix
369,1989,14,Spanish Grand Prix
370,1989,15,Japanese Grand Prix
371,1989,16,Australian Grand Prix
372,1988,1,Brazilian Grand Prix
373,1988,2,San Marino Grand Prix
374,1988,3,Monaco Grand Prix
375,1988,4,Mexican Grand Prix
376,1988,5,Canadian Grand Prix
377,1988,6,Detroit Grand Prix
378,1988,7,French Grand Prix
379,1988,8,British Grand Prix
380,1988,9,German Grand Prix
381,1988,10,Hungarian Grand Prix
382,1988,11,Belgian Grand Prix
383,1988,12,Italian Grand Prix
384,1988,13,Portuguese Grand Prix
385,1988,14,Spanish Grand Prix
386,1988,15,Japanese Grand Prix
387,1988,16,Australian Grand Prix
388,1987,1,Brazilian Grand Prix
389,1987,2,San Marino Grand Prix
390,1987,3,Belgian Grand Prix
391,1987,4,Monaco Grand Prix
392,1987,5,Detroit Grand Prix
393,1987,6,French Grand Prix
394,1987,7,British Grand Prix
395,1987,8,German Grand Prix
396,1987,9,Hungarian Grand Prix
397,1987,10,Austrian Grand Prix
398,1987,11,Italian Grand Prix
399,1987,12,Portuguese Grand Prix
400,1987,13,Spanish Grand Prix
401,1987,14,Mexican Grand Prix
402,1987,15,Japanese Grand Prix
403,1987,16,Australian Grand Prix
404,1986,1,Brazilian Grand Prix
405,1986,2,Spanish Grand Prix
406,1986,3,San Marino Grand Prix
407,1986,4,Monaco Grand Prix
408,1986,5,Belgian Grand Prix
409,1986,6,Canadian Grand Prix
410,1986,7,Detroit Grand Prix
411,1986,8,French Grand Prix
412,1986,9,British Grand Prix
413,1986,10,German Grand Prix
414,1986,11,Hungarian Grand Prix
415,1986,12,Austrian Grand Prix
416,1986,13,Italian Grand Prix
417,1986,14,Portuguese Grand Prix
418,1986,15,Mexican Grand Prix
419,1986,16,Australian Grand Prix
420,1985,1,Brazilian Grand Prix
421,1985,2,Portuguese Grand Prix
422,1985,3,San Marino Grand Prix
423,1985,4,Monaco Grand Prix
424,1985,5,Canadian Grand Prix
425,1985,6,Detroit Grand Prix
426,1985,7,French Grand Prix
427,1985,8,British Grand Prix
428,1985,9,German Grand Prix
429,1985,10,Austrian Grand Prix
430,1985,11,Dutch Grand Prix
431,1985,12,Italian Grand Prix
432,1985,13,Belgian Grand Prix
433,1985,14,European Grand Prix
434,1985,15,South African Grand Prix
435,1985,16,Australian Grand Prix
436,1984,1,Brazilian Grand Prix
437,1984,2,South African Grand Prix
438,1984,3,Belgian Grand Prix
439,1984,4,San Marino Grand Prix
440,1984,5,French Grand Prix
441,1984,6,Monaco Grand Prix
442,1984,7,Canadian Grand Prix
443,1984,8,Detroit Grand Prix
444,1984,9,Dallas Grand Prix
445,1984,10,British Grand Prix
446,1984,11,German Grand Prix
447,1984,12,Austrian Grand Prix
448,1984,13,Dutch Grand Prix
449,1984,14,Italian Grand Prix
450,1984,15,European Grand Prix
451,1984,16,Portuguese Grand Prix
452,1983,1,Brazilian Grand Prix
453,1983,2,United States Grand Prix West
454,1983,3,French Grand Prix
455,1983,4,San Marino Grand Prix
456,1983,5,Monaco Grand Prix
457,1983,6,Belgian Grand Prix
458,1983,7,Detroit Grand Prix
459,1983,8,Canadian Grand Prix
460,1983,9,British Grand Prix
461,1983,10,German Grand Prix
462,1983,11,Austrian Grand Prix
463,1983,12,Dutch Grand Prix
464,1983,13,Italian Grand Prix
465,1983,14,European Grand Prix
466,1983,15,South African Grand Prix
467,1982,1,South African Grand Prix
468,1982,2,Brazilian Grand Prix
469,1982,3,United States Grand Prix West
470,1982,4,San Marino Grand Prix
471,1982,5,Belgian Grand Prix
472,1982,6,Monaco Grand Prix
473,1982,7,Detroit Grand Prix
474,1982,8,Canadian Grand Prix
475,1982,9,Dutch Grand Prix
476,1982,10,British Grand Prix
477,1982,11,French Grand Prix
478,1982,12,German Grand Prix
479,1982,13,Austrian Grand Prix
480,1982,14,Swiss Grand Prix
481,1982,15,Italian Grand Prix
482,1982,16,Caesars Palace Grand Prix
483,1981,1,United States Grand Prix West
484,1981,2,Brazilian Grand Prix
485,1981,3,Argentine Grand Prix
486,1981,4,San Marino Grand Prix
487,1981,5,Belgian Grand Prix
488,1981,6,Monaco Grand Prix
489,1981,7,Spanish Grand Prix
490,1981,8,French Grand Prix
491,1981,9,British Grand Prix
492,1981,10,German Grand Prix
493,1981,11,Austrian Grand Prix
494,1981,12,Dutch Grand Prix
495,1981,13,Italian Grand Prix
496,1981,14,Canadian Grand Prix
497,1981,15,Caesars Palace Grand Prix
498,1980,1,Argentine Grand Prix
499,1980,2,Brazilian Grand Prix
500,1980,3,South African Grand Prix
501,1980,4,United States Grand Prix West
502,1980,5,Belgian Grand Prix
503,1980,6,Monaco Grand Prix
504,1980,7,French Grand Prix
505,1980,8,British Grand Prix
506,1980,9,German Grand Prix
507,1980,10,Austrian Grand Prix
508,1980,11,Dutch Grand Prix
509,1980,12,Italian Grand Prix
510,1980,13,Canadian Grand Prix
511,1980,14,United States Grand Prix
512,1979,1,Argentine Grand Prix
513,1979,2,Brazilian Grand Prix
514,1979,3,South African Grand Prix
515,1979,4,United States Grand Prix West
516,1979,5,Spanish Grand Prix
517,1979,6,Belgian Grand Prix
518,1979,7,Monaco Grand Prix
519,1979,8,French Grand Prix
520,1979,9,British Grand Prix
521,1979,10,German Grand Prix
522,1979,11,Austrian Grand Prix
523,1979,12,Dutch Grand Prix
524,1979,13,Italian Grand Prix
525,1979,14,Canadian Grand Prix
526,1979,15,United States Grand Prix
527,1978,1,Argentine Grand Prix
528,1978,2,Brazilian Grand Prix
529,1978,3,South African Grand Prix
530,1978,4,United States Grand Prix West
531,1978,5,Monaco Grand Prix
532,1978,6,Belgian Grand Prix
533,1978,7,Spanish Grand Prix
534,1978,8,Swedish Grand Prix
535,1978,9,French Grand Prix
536,1978,10,British Grand Prix
537,1978,11,German Grand Prix
538,1978,12,Austrian Grand Prix
539,1978,13,Dutch Grand Prix
540,1978,14,Italian Grand Prix
541,1978,15,United States Grand Prix
542,1978,16,Canadian Grand Prix
543,1977,1,Argentine Grand Prix
544,1977,2,Brazilian Grand Prix
545,1977,3,South African Grand Prix
546,1977,4,United States Grand Prix West
547,1977,5,Spanish Grand Prix
548,1977,6,Monaco Grand Prix
549,1977,7,Belgian Grand Prix
550,1977,8,Swedish Grand Prix
551,1977,9,French Grand Prix
552,1977,10,British Grand Prix
553,1977,11,German Grand Prix
554,1977,12,Austrian Grand Prix
555,1977,13,Dutch Grand Prix
556,1977,14,Italian Grand Prix
557,1977,15,United States Grand Prix
558,1977,16,Canadian Grand Prix
559,1977,17,Japanese Grand Prix
560,1976,1,Brazilian Grand Prix
561,1976,2,South African Grand Prix
562,1976,3,United States Grand Prix West
563,1976,4,Spanish Grand Prix
564,1976,5,Belgian Grand Prix
565,1976,6,Monaco Grand Prix
566,1976,7,Swedish Grand Prix
567,1976,8,French Grand Prix
568,1976,9,British Grand Prix
569,1976,10,German Grand Prix
570,1976,11,Austrian Grand Prix
571,1976,12,Dutch Grand Prix
572,1976,13,Italian Grand Prix
573,1976,14,Canadian Grand Prix
574,1976,15,United States Grand Prix
575,1976,16,Japanese Grand Prix
576,1975,1,Argentine Grand Prix
577,1975,2,Brazilian Grand Prix
578,1975,3,South African Grand Prix
579,1975,4,Spanish Grand Prix
580,1975,5,Monaco Grand Prix
581,1975,6,Belgian Grand Prix
582,1975,7,Swedish Grand Prix
583,1975,8,Dutch Grand Prix
584,1975,9,French Grand Prix
585,1975,10,British Grand Prix
586,1975,11,German Grand Prix
587,1975,12,Austrian Grand Prix
588,1975,13,Italian Grand Prix
589,1975,14,United States Grand Prix
590,1974,1,Argentine Grand Prix
591,1974,2,Brazilian Grand Prix
592,1974,3,South African Grand Prix
593,1974,4,Spanish Grand Prix
594,1974,5,Belgian Grand Prix
595,1974,6,Monaco Grand Prix
596,1974,7,Swedish Grand Prix
597,1974,8,Dutch Grand Prix
598,1974,9,French Grand Prix
599,1974,10,British Grand Prix
600,1974,11,German Grand Prix
601,1974,12,Austrian Grand Prix
602,1974,13,Italian Grand Prix
603,1974,14,Canadian Grand Prix
604,1974,15,United States Grand Prix
605,1973,1,Argentine Grand Prix
606,1973,2,Brazilian Grand Prix
607,1973,3,South African Grand Prix
608,1973,4,Spanish Grand Prix
609,1973,5,Belgian Grand Prix
610,1973,6,Monaco Grand Prix
611,1973,7,Swedish Grand Prix
612,1973,8,French Grand Prix
613,1973,9,British Grand Prix
614,1973,10,Dutch Grand Prix
615,1973,11,German Grand Prix
616,1973,12,Austrian Grand Prix
617,1973,13,Italian Grand Prix
618,1973,14,Canadian Grand Prix
619,1973,15,United States Grand Prix
620,1972,1,Argentine Grand Prix
621,1972,2,South African Grand Prix
622,1972,3,Spanish Grand Prix
623,1972,4,Monaco Grand Prix
624,1972,5,Belgian Grand Prix
625,1972,6,French Grand Prix
626,1972,7,British Grand Prix
627,1972,8,German Grand Prix
628,1972,9,Austrian Grand Prix
629,1972,10,Italian Grand Prix
630,1972,11,Canadian Grand Prix
631,1972,12,United States Grand Prix
632,1971,1,South African Grand Prix
633,1971,2,Spanish Grand Prix
634,1971,3,Monaco Grand Prix
635,1971,4,Dutch Grand Prix
636,1971,5,French Grand Prix
637,1971,6,British Grand Prix
638,1971,7,German Grand Prix
639,1971,8,Austrian Grand Prix
640,1971,9,Italian Grand Prix
641,1971,10,Canadian Grand Prix
642,1971,11,United States Grand Prix
643,1970,1,South African Grand Prix
644,1970,2,Spanish Grand Prix
645,1970,3,Monaco Grand Prix
646,1970,4,Belgian Grand Prix
647,1970,5,Dutch Grand Prix
648,1970,6,French Grand Prix
649,1970,7,British Grand Prix
650,1970,8,German Grand Prix
651,1970,9,Austrian Grand Prix
652,1970,10,Italian Grand Prix
653,1970,11,Canadian Grand Prix
654,1970,12,United States Grand Prix
655,1970,13,Mexican Grand Prix
656,1969,1,South African Grand Prix
657,1969,2,Spanish Grand Prix
658,1969,3,Monaco Grand Prix
659,1969,4,Dutch Grand Prix
660,1969,5,French Grand Prix
661,1969,6,British Grand Prix
662,1969,7,German Grand Prix
663,1969,8,Italian Grand Prix
664,1969,9,Canadian Grand Prix
665,1969,10,United States Grand Prix
666,1969,11,Mexican Grand Prix
667,1968,1,South African Grand Prix
668,1968,2,Spanish Grand Prix
669,1968,3,Monaco Grand Prix
670,1968,4,Belgian Grand Prix
671,1968,5,Dutch Grand Prix
672,1968,6,French Grand Prix
673,1968,7,British Grand Prix
674,1968,8,German Grand Prix
675,1968,9,Italian Grand Prix
676,1968,10,Canadian Grand Prix
677,1968,11,United States Grand Prix
678,1968,12,Mexican Grand Prix
679,1967,1,South African Grand Prix
680,1967,2,Monaco Grand Prix
681,1967,3,Dutch Grand Prix
682,1967,4,Belgian Grand Prix
683,1967,5,French Grand Prix
684,1967,6,British Grand Prix
685,1967,7,German Grand Prix
686,1967,8,Canadian Grand Prix
687,1967,9,Italian Grand Prix
688,1967,10,United States Grand Prix
689,1967,11,Mexican Grand Prix
690,1966,1,Monaco Grand Prix
691,1966,2,Belgian Grand Prix
692,1966,3,French Grand Prix
693,1966,4,British Grand Prix
694,1966,5,Dutch Grand Prix
695,1966,6,German Grand Prix
696,1966,7,Italian Grand Prix
697,1966,8,United States Grand Prix
698,1966,9,Mexican Grand Prix
699,1965,1,South African Grand Prix
700,1965,2,Monaco Grand Prix
701,1965,3,Belgian Grand Prix
702,1965,4,French Grand Prix
703,1965,5,British Grand Prix
704,1965,6,Dutch Grand Prix
705,1965,7,German Grand Prix
706,1965,8,Italian Grand Prix
707,1965,9,United States Grand Prix
708,1965,10,Mexican Grand Prix
709,1964,1,Monaco Grand Prix
710,1964,2,Dutch Grand Prix
711,1964,3,Belgian Grand Prix
712,1964,4,French Grand Prix
713,1964,5,British Grand Prix
714,1964,6,German Grand Prix
715,1964,7,Austrian Grand Prix
716,1964,8,Italian Grand Prix
717,1964,9,United States Grand Prix
718,1964,10,Mexican Grand Prix
719,1963,1,Monaco Grand Prix
720,1963,2,Belgian Grand Prix
721,1963,3,Dutch Grand Prix
722,1963,4,French Grand Prix
723,1963,5,British Grand Prix
724,1963,6,German Grand Prix
725,1963,7,Italian Grand Prix
726,1963,8,United States Grand Prix
727,1963,9,Mexican Grand Prix
728,1963,10,South African Grand Prix
729,1962,1,Dutch Grand Prix
730,1962,2,Monaco Grand Prix
731,1962,3,Belgian Grand Prix
732,1962,4,French Grand Prix
733,1962,5,British Grand Prix
734,1962,6,German Grand Prix
735,1962,7,Italian Grand Prix
736,1962,8,United States Grand Prix
737,1962,9,South African Grand Prix
738,1961,1,Monaco Grand Prix
739,1961,2,Dutch Grand Prix
740,1961,3,Belgian Grand Prix
741,1961,4,French Grand Prix
742,1961,5,British Grand Prix
743,1961,6,German Grand Prix
744,1961,7,Italian Grand Prix
745,1961,8,United States Grand Prix
746,1960,1,Argentine Grand Prix
747,1960,2,Monaco Grand Prix
748,1960,3,Indianapolis 500
749,1960,4,Dutch Grand Prix
750,1960,5,Belgian Grand Prix
751,1960,6,French Grand Prix
752,1960,7,British Grand Prix
753,1960,8,Portuguese Grand Prix
754,1960,9,Italian Grand Prix
755,1960,10,United States Grand Prix
756,1959,1,Monaco Grand Prix
757,1959,2,Indianapolis 500
758,1959,3,Dutch Grand Prix
759,1959,4,French Grand Prix
760,1959,5,British Grand Prix
761,1959,6,German Grand Prix
762,1959,7,Portuguese Grand Prix
763,1959,8,Italian Grand Prix
764,1959,9,United States Grand Prix
765,1958,1,Argentine Grand Prix
766,1958,2,Monaco Grand Prix
767,1958,3,Dutch Grand Prix
768,1958,4,Indianapolis 500
769,1958,5,Belgian Grand Prix
770,1958,6,French Grand Prix
771,1958,7,British Grand Prix
772,1958,8,German Grand Prix
773,1958,9,Portuguese Grand Prix
774,1958,10,Italian Grand Prix
775,1958,11,Moroccan Grand Prix
776,1957,1,Argentine Grand Prix
777,1957,2,Monaco Grand Prix
778,1957,3,Indianapolis 500
779,1957,4,French Grand Prix
780,1957,5,British Grand Prix
781,1957,6,German Grand Prix
782,1957,7,Pescara Grand Prix
783,1957,8,Italian Grand Prix
784,1956,1,Argentine Grand Prix
785,1956,2,Monaco Grand Prix
786,1956,3,Indianapolis 500
787,1956,4,Belgian Grand Prix
788,1956,5,French Grand Prix
789,1956,6,British Grand Prix
790,1956,7,German Grand Prix
791,1956,8,Italian Grand Prix
792,1955,1,Argentine Grand Prix
793,1955,2,Monaco Grand Prix
794,1955,3,Indianapolis 500
795,1955,4,Belgian Grand Prix
796,1955,5,Dutch Grand Prix
797,1955,6,British Grand Prix
798,1955,7,Italian Grand Prix
799,1954,1,Argentine Grand Prix
800,1954,2,Indianapolis 500
801,1954,3,Belgian Grand Prix
802,1954,4,French Grand Prix
803,1954,5,British Grand Prix
804,1954,6,German Grand Prix
805,1954,7,Swiss Grand Prix
806,1954,8,Italian Grand Prix
807,1954,9,Spanish Grand Prix
808,1953,1,Argentine Grand Prix
809,1953,2,Indianapolis 500
810,1953,3,Dutch Grand Prix
811,1953,4,Belgian Grand Prix
812,1953,5,French Grand Prix
813,1953,6,British Grand Prix
814,1953,7,German Grand Prix
815,1953,8,Swiss Grand Prix
816,1953,9,Italian Grand Prix
817,1952,1,Swiss Grand Prix
818,1952,2,Indianapolis 500
819,1952,3,Belgian Grand Prix
820,1952,4,French Grand Prix
821,1952,5,British Grand Prix
822,1952,6,German Grand Prix
823,1952,7,Dutch Grand Prix
824,1952,8,Italian Grand Prix
825,1951,1,Swiss Grand Prix
826,1951,2,Indianapolis 500
827,1951,3,Belgian Grand Prix
828,1951,4,French Grand Prix
829,1951,5,British Grand Prix
830,1951,6,German Grand Prix
831,1951,7,Italian Grand Prix
832,1951,8,Spanish Grand Prix
833,1950,1,British Grand Prix
834,1950,2,Monaco Grand Prix
835,1950,3,Indianapolis 500
836,1950,4,Swiss Grand Prix
837,1950,5,Belgian Grand Prix
838,1950,6,French Grand Prix
839,1950,7,Italian Grand Prix
841,2011,1,Australian Grand Prix
842,2011,2,Malaysian Grand Prix
843,2011,3,Chinese Grand Prix
844,2011,4,Turkish Grand Prix
845,2011,5,Spanish Grand Prix
846,2011,6,Monaco Grand Prix
847,2011,7,Canadian Grand Prix
848,2011,8,European Grand Prix
849,2011,9,British Grand Prix
850,2011,10,German Grand Prix
851,2011,11,Hungarian Grand Prix
852,2011,12,Belgian Grand Prix
853,2011,13,Italian Grand Prix
854,2011,14,Singapore Grand Prix
855,2011,15,Japanese Grand Prix
856,2011,16,Korean Grand Prix
857,2011,17,Indian Grand Prix
858,2011,18,Abu Dhabi Grand Prix
859,2011,19,Brazilian Grand Prix
860,2012,1,Australian Grand Prix
861,2012,2,Malaysian Grand Prix
862,2012,3,Chinese Grand Prix
863,2012,4,Bahrain Grand Prix
864,2012,5,Spanish Grand Prix
865,2012,6,Monaco Grand Prix
866,2012,7,Canadian Grand Prix
867,2012,8,European Grand Prix
868,2012,9,British Grand Prix
869,2012,10,German Grand Prix
870,2012,11,Hungarian Grand Prix
871,2012,12,Belgian Grand Prix
872,2012,13,Italian Grand Prix
873,2012,14,Singapore Grand Prix
874,2012,15,Japanese Grand Prix
875,2012,16,Korean Grand Prix
876,2012,17,Indian Grand Prix
877,2012,18,Abu Dhabi Grand Prix
878,2012,19,United States Grand Prix
879,2012,20,Brazilian Grand Prix
880,2013,1,Australian Grand Prix
881,2013,2,Malaysian Grand Prix
882,2013,3,Chinese Grand Prix
883,2013,4,Bahrain Grand Prix
884,2013,5,Spanish Grand Prix
885,2013,6,Monaco Grand Prix
886,2013,7,Canadian Grand Prix
887,2013,8,British Grand Prix
888,2013,9,German Grand Prix
890,2013,10,Hungarian Grand Prix
891,2013,11,Belgian Grand Prix
892,2013,12,Italian Grand Prix
893,2013,13,Singapore Grand Prix
894,2013,14,Korean Grand Prix
895,2013,15,Japanese Grand Prix
896,2013,16,Indian Grand Prix
897,2013,17,Abu Dhabi Grand Prix
898,2013,18,United States Grand Prix
899,2013,19,Brazilian Grand Prix
900,2014,1,Australian Grand Prix
901,2014,2,Malaysian Grand Prix
902,2014,3,Bahrain Grand Prix
903,2014,4,Chinese Grand Prix
904,2014,5,Spanish Grand Prix
905,2014,6,Monaco Grand Prix
906,2014,7,Canadian Grand Prix
907,2014,8,Austrian Grand Prix
908,2014,9,British Grand Prix
909,2014,10,German Grand Prix
910,2014,11,Hungarian Grand Prix
911,2014,12,Belgian Grand Prix
912,2014,13,Italian Grand Prix
913,2014,14,Singapore Grand Prix
914,2014,15,Japanese Grand Prix
915,2014,16,Russian Grand Prix
916,2014,17,United States Grand Prix
917,2014,18,Brazilian Grand Prix
918,2014,19,Abu Dhabi Grand Prix
931,2015,6,Monaco Grand Prix
932,2015,7,Canadian Grand Prix
929,2015,4,Bahrain Grand Prix
930,2015,5,Spanish Grand Prix
928,2015,3,Chinese Grand Prix
926,2015,1,Australian Grand Prix
927,2015,2,Malaysian Grand Prix
933,2015,8,Austrian Grand Prix
934,2015,9,British Grand Prix
936,2015,10,Hungarian Grand Prix
937,2015,11,Belgian Grand Prix
938,2015,12,Italian Grand Prix
939,2015,13,Singapore Grand Prix
940,2015,14,Japanese Grand Prix
941,2015,15,Russian Grand Prix
942,2015,16,United States Grand Prix
943,2015,17,Mexican Grand Prix
944,2015,18,Brazilian Grand Prix
945,2015,19,Abu Dhabi Grand Prix
948,2016,1,Australian Grand Prix
949,2016,2,Bahrain Grand Prix
950,2016,3,Chinese Grand Prix
951,2016,4,Russian Grand Prix
952,2016,5,Spanish Grand Prix
953,2016,6,Monaco Grand Prix
954,2016,7,Canadian Grand Prix
955,2016,8,European Grand Prix
956,2016,9,Austrian Grand Prix
957,2016,10,British Grand Prix
958,2016,11,Hungarian Grand Prix
959,2016,12,German Grand Prix
960,2016,13,Belgian Grand Prix
961,2016,14,Italian Grand Prix
962,2016,15,Singapore Grand Prix
963,2016,16,Malaysian Grand Prix
964,2016,17,Japanese Grand Prix
965,2016,18,United States Grand Prix
966,2016,19,Mexican Grand Prix
967,2016,20,Brazilian Grand Prix
968,2016,21,Abu Dhabi Grand Prix
969,2017,1,Australian Grand Prix
970,2017,2,Chinese Grand Prix
971,2017,3,Bahrain Grand Prix
972,2017,4,Russian Grand Prix
973,2017,5,Spanish Grand Prix
974,2017,6,Monaco Grand Prix
975,2017,7,Canadian Grand Prix
976,2017,8,Azerbaijan Grand Prix
977,2017,9,Austrian Grand Prix
978,2017,10,British Grand Prix
979,2017,11,Hungarian Grand Prix
980,2017,12,Belgian Grand Prix
981,2017,13,Italian Grand Prix
982,2017,14,Singapore Grand Prix
983,2017,15,Malaysian Grand Prix
984,2017,16,Japanese Grand Prix
985,2017,17,United States Grand Prix
986,2017,18,Mexican Grand Prix
987,2017,19,Brazilian Grand Prix
988,2017,20,Abu Dhabi Grand Prix
989,2018,1,Australian Grand Prix
990,2018,2,Bahrain Grand Prix
991,2018,3,Chinese Grand Prix
992,2018,4,Azerbaijan Grand Prix
993,2018,5,Spanish Grand Prix
994,2018,6,Monaco Grand Prix
995,2018,7,Canadian Grand Prix
996,2018,8,French Grand Prix
997,2018,9,Austrian Grand Prix
998,2018,10,British Grand Prix
999,2018,11,German Grand Prix
1000,2018,12,Hungarian Grand Prix
1001,2018,13,Belgian Grand Prix
1002,2018,14,Italian Grand Prix
1003,2018,15,Singapore Grand Prix
1004,2018,16,Russian Grand Prix
1005,2018,17,Japanese Grand Prix
1006,2018,18,United States Grand Prix
1007,2018,19,Mexican Grand Prix
1008,2018,20,Brazilian Grand Prix
1009,2018,21,Abu Dhabi Grand Prix
1010,2019,1,Australian Grand Prix
1011,2019,2,Bahrain Grand Prix
1012,2019,3,Chinese Grand Prix
1013,2019,4,Azerbaijan Grand Prix
1014,2019,5,Spanish Grand Prix
1015,2019,6,Monaco Grand Prix
1016,2019,7,Canadian Grand Prix
1017,2019,8,French Grand Prix
1018,2019,9,Austrian Grand Prix
1019,2019,10,British Grand Prix
1020,2019,11,German Grand Prix
1021,2019,12,Hungarian Grand Prix
1022,2019,13,Belgian Grand Prix
1023,2019,14,Italian Grand Prix
1024,2019,15,Singapore Grand Prix
1025,2019,16,Russian Grand Prix
1026,2019,17,Japanese Grand Prix
1027,2019,18,Mexican Grand Prix
1028,2019,19,United States Grand Prix
1029,2019,20,Brazilian Grand Prix
1030,2019,21,Abu Dhabi Grand Prix
1031,2020,1,Austrian Grand Prix
1032,2020,2,Styrian Grand Prix
1033,2020,3,Hungarian Grand Prix
1034,2020,4,British Grand Prix
1035,2020,5,70th Anniversary Grand Prix
1036,2020,6,Spanish Grand Prix
1037,2020,7,Belgian Grand Prix
1038,2020,8,Italian Grand Prix
1039,2020,9,Tuscan Grand Prix
1040,2020,10,Russian Grand Prix
1041,2020,11,Eifel Grand Prix
1042,2020,12,Portuguese Grand Prix
1043,2020,13,Emilia Romagna Grand Prix
1044,2020,14,Turkish Grand Prix
1045,2020,15,Bahrain Grand Prix
1046,2020,16,Sakhir Grand Prix
1047,2020,17,Abu Dhabi Grand Prix
1053,2021,2,Emilia Romagna Grand Prix
1074,2022,1,Bahrain Grand Prix
1052,2021,1,Bahrain Grand Prix
1051,2021,20,Qatar Grand Prix
1054,2021,3,Portuguese Grand Prix
1055,2021,4,Spanish Grand Prix
1056,2021,5,Monaco Grand Prix
1057,2021,6,Azerbaijan Grand Prix
1058,2021,8,Styrian Grand Prix
1059,2021,7,French Grand Prix
1060,2021,9,Austrian Grand Prix
1061,2021,10,British Grand Prix
1062,2021,11,Hungarian Grand Prix
1063,2021,12,Belgian Grand Prix
1064,2021,13,Dutch Grand Prix
1065,2021,14,Italian Grand Prix
1066,2021,15,Russian Grand Prix
1067,2021,16,Turkish Grand Prix
1069,2021,17,United States Grand Prix
1070,2021,18,Mexico City Grand Prix
1071,2021,19,S達o Paulo Grand Prix
1072,2021,21,Saudi Arabian Grand Prix
1073,2021,22,Abu Dhabi Grand Prix
1075,2022,2,Saudi Arabian Grand Prix
1076,2022,3,Australian Grand Prix
1077,2022,4,Emilia Romagna Grand Prix
1078,2022,5,Miami Grand Prix
1079,2022,6,Spanish Grand Prix
1080,2022,7,Monaco Grand Prix
1081,2022,8,Azerbaijan Grand Prix
1082,2022,9,Canadian Grand Prix
1083,2022,10,British Grand Prix
1084,2022,11,Austrian Grand Prix
1085,2022,12,French Grand Prix
1086,2022,13,Hungarian Grand Prix
1087,2022,14,Belgian Grand Prix
1088,2022,15,Dutch Grand Prix
1089,2022,16,Italian Grand Prix
1091,2022,17,Singapore Grand Prix
1092,2022,18,Japanese Grand Prix
1093,2022,19,United States Grand Prix
1094,2022,20,Mexico City Grand Prix
1095,2022,21,S達o Paulo Grand Prix
1096,2022,22,Abu Dhabi Grand Prix
1098,2023,1,Bahrain Grand Prix
1099,2023,2,Saudi Arabian Grand Prix
1100,2023,3,Australian Grand Prix
1101,2023,4,Azerbaijan Grand Prix
1102,2023,5,Miami Grand Prix
1104,2023,6,Monaco Grand Prix
1105,2023,7,Spanish Grand Prix
1106,2023,8,Canadian Grand Prix
1107,2023,9,Austrian Grand Prix
1108,2023,10,British Grand Prix
1109,2023,11,Hungarian Grand Prix
1110,2023,12,Belgian Grand Prix
1111,2023,13,Dutch Grand Prix
1112,2023,14,Italian Grand Prix
1113,2023,15,Singapore Grand Prix
1114,2023,16,Japanese Grand Prix
1115,2023,17,Qatar Grand Prix
1116,2023,18,United States Grand Prix
1117,2023,19,Mexico City Grand Prix
1118,2023,20,S達o Paulo Grand Prix
1119,2023,21,Las Vegas Grand Prix
1120,2023,22,Abu Dhabi Grand Prix
1121,2024,1,Bahrain Grand Prix
1122,2024,2,Saudi Arabian Grand Prix
1123,2024,3,Australian Grand Prix
1124,2024,4,Japanese Grand Prix
1125,2024,5,Chinese Grand Prix
1126,2024,6,Miami Grand Prix
1127,2024,7,Emilia Romagna Grand Prix
1128,2024,8,Monaco Grand Prix
1129,2024,9,Canadian Grand Prix
1130,2024,10,Spanish Grand Prix
1131,2024,11,Austrian Grand Prix
1132,2024,12,British Grand Prix
1133,2024,13,Hungarian Grand Prix
1134,2024,14,Belgian Grand Prix
1135,2024,15,Dutch Grand Prix
1136,2024,16,Italian Grand Prix
1137,2024,17,Azerbaijan Grand Prix
1138,2024,18,Singapore Grand Prix
1139,2024,19,United States Grand Prix
1140,2024,20,Mexico City Grand Prix
1141,2024,21,S達o Paulo Grand Prix
1142,2024,22,Las Vegas Grand Prix
1143,2024,23,Qatar Grand Prix
1144,2024,24,Abu Dhabi Grand Prix
